id,active,name,sequence,fold,user_id/id
project_task_type_brainstorm,1,Brainstorm,0,,
project_task_type_test,1,test,0,,
project_task_type_requeste,1,Requeste,0,,
project_task_type_analyzing_requirement,1,Analyzing Requirement,0,,
project_task_type_pending,1,Pending,0,,
project_task_type_new_orders,1,New Orders,0,,
project_task_type_new,1,New,0,,
project_task_type_new_407,1,New,0,,
project_task_type_background_research,1,Background Research,1,,
project_task_type_new_8,1,New,1,,
project_task_type_new_9,1,New,1,,
project_task_type_new_10,1,New,1,,
project_task_type_specifiationc,1,Specifiationc,1,,
project_task_type_new_12,1,New,1,,
project_task_type_new_13,1,New,1,,
project_task_type_new_14,1,New,1,,
project_task_type_new_15,1,New,1,,
project_task_type_new_16,1,New,1,,
project_task_type_new_17,1,New,1,,
project_task_type_new_18,1,New,1,,
project_task_type_new_19,1,New,1,,
project_task_type_new_20,1,New,1,,
project_task_type_stage_2,1,stage 2,1,,
project_task_type_analysed,1,Analysed,1,,
project_task_type_under_development,1,Under Development,1,,
project_task_type_completed,1,Completed,1,,
project_task_type_new_36,1,New,1,,
project_task_type_new_37,1,New,1,,
project_task_type_new_38,1,New,1,,
project_task_type_new_39,1,New,1,,
project_task_type_new_40,1,New,1,,
project_task_type_new_41,1,New,1,,
project_task_type_new_42,1,New,1,,
project_task_type_new_43,1,New,1,,
project_task_type_new_44,1,New,1,,
project_task_type_new_45,1,New,1,,
project_task_type_new_46,1,New,1,,
project_task_type_test_47,1,test,1,,
project_task_type_material_sourcing,1,Material Sourcing,1,,
project_task_type_new_54,1,New,1,,
project_task_type_new_55,1,New,1,,
project_task_type_new_58,1,New,1,,
project_task_type_inbox,1,Inbox,1,,
project_task_type_inbox_87,1,Inbox,1,,
project_task_type_inbox_101,1,Inbox,1,,
project_task_type_new_tasks_odoo,1,New Tasks ODOO,1,,
project_task_type_completed_odoo,1,Completed  ODOO,1,1,
project_task_type_started_odoo,1,Started ODOO,1,1,
project_task_type_pending_odoo,1,Pending ODOO,1,1,
project_task_type_inbox_124,1,Inbox,1,,seed_master_data_and_settings.user_8
project_task_type_inbox_131,1,Inbox,1,,
project_task_type_inbox_138,1,Inbox,1,,
project_task_type_inbox_145,1,Inbox,1,,
project_task_type_new_187,1,New,1,,
project_task_type_inbox_188,1,Inbox,1,,
project_task_type_inbox_195,1,Inbox,1,,
project_task_type_inbox_202,1,Inbox,1,,
project_task_type_new_209,1,New,1,,
project_task_type_new_210,1,New,1,,
project_task_type_new_211,1,New,1,,
project_task_type_new_212,1,New,1,,
project_task_type_new_213,1,New,1,,
project_task_type_new_214,1,New,1,,
project_task_type_new_215,1,New,1,,
project_task_type_new_216,1,New,1,,
project_task_type_new_217,1,New,1,,
project_task_type_new_218,1,New,1,,
project_task_type_new_219,1,New,1,,
project_task_type_new_220,1,New,1,,
project_task_type_new_221,1,New,1,,
project_task_type_new_222,1,New,1,,
project_task_type_new_223,1,New,1,,
project_task_type_new_224,1,New,1,,
project_task_type_new_225,1,New,1,,
project_task_type_new_226,1,New,1,,
project_task_type_new_227,1,New,1,,
project_task_type_new_228,1,New,1,,
project_task_type_new_229,1,New,1,,
project_task_type_new_230,1,New,1,,
project_task_type_new_231,1,New,1,,
project_task_type_new_232,1,New,1,,
project_task_type_new_233,1,New,1,,
project_task_type_new_234,1,New,1,,
project_task_type_new_235,1,New,1,,
project_task_type_new_236,1,New,1,,
project_task_type_new_237,1,New,1,,
project_task_type_new_238,1,New,1,,
project_task_type_new_239,1,New,1,,
project_task_type_new_240,1,New,1,,
project_task_type_new_241,1,New,1,,
project_task_type_new_242,1,New,1,,
project_task_type_new_243,1,New,1,,
project_task_type_new_244,1,New,1,,
project_task_type_new_245,1,New,1,,
project_task_type_new_246,1,New,1,,
project_task_type_new_247,1,New,1,,
project_task_type_new_248,1,New,1,,
project_task_type_new_249,1,New,1,,
project_task_type_new_250,1,New,1,,
project_task_type_new_251,1,New,1,,
project_task_type_new_252,1,New,1,,
project_task_type_new_253,1,New,1,,
project_task_type_new_254,1,New,1,,
project_task_type_new_255,1,New,1,,
project_task_type_new_256,1,New,1,,
project_task_type_new_257,1,New,1,,
project_task_type_new_258,1,New,1,,
project_task_type_new_259,1,New,1,,
project_task_type_new_260,1,New,1,,
project_task_type_new_261,1,New,1,,
project_task_type_new_262,1,New,1,,
project_task_type_new_263,1,New,1,,
project_task_type_new_264,1,New,1,,
project_task_type_new_265,1,New,1,,
project_task_type_new_266,1,New,1,,
project_task_type_new_267,1,New,1,,
project_task_type_new_268,1,New,1,,
project_task_type_new_269,1,New,1,,
project_task_type_new_270,1,New,1,,
project_task_type_new_271,1,New,1,,
project_task_type_new_272,1,New,1,,
project_task_type_new_273,1,New,1,,
project_task_type_new_274,1,New,1,,
project_task_type_new_275,1,New,1,,
project_task_type_new_276,1,New,1,,
project_task_type_new_277,1,New,1,,
project_task_type_new_278,1,New,1,,
project_task_type_new_279,1,New,1,,
project_task_type_new_280,1,New,1,,
project_task_type_new_281,1,New,1,,
project_task_type_inbox_282,1,Inbox,1,,
project_task_type_inbox_289,1,Inbox,1,,
project_task_type_inbox_296,1,Inbox,1,,
project_task_type_in_progress,1,In Progress,1,,
project_task_type_closed,1,Closed,1,,
project_task_type_new_312,1,New,1,,
project_task_type_new_313,1,New,1,,
project_task_type_new_314,1,New,1,,
project_task_type_new_315,1,New,1,,
project_task_type_new_317,1,New,1,,
project_task_type_new_318,1,New,1,,
project_task_type_new_319,1,New,1,,
project_task_type_new_320,1,New,1,,
project_task_type_new_322,1,New,1,,
project_task_type_new_323,1,New,1,,
project_task_type_new_324,1,New,1,,
project_task_type_new_325,1,New,1,,
project_task_type_new_326,1,New,1,,
project_task_type_new_327,1,New,1,,
project_task_type_new_328,1,New,1,,
project_task_type_new_329,1,New,1,,
project_task_type_new_330,1,New,1,,
project_task_type_new_331,1,New,1,,
project_task_type_new_339,1,New,1,,
project_task_type_new_340,1,New,1,,
project_task_type_new_341,1,New,1,,
project_task_type_new_342,1,New,1,,
project_task_type_new_343,1,New,1,,
project_task_type_new_344,1,New,1,,
project_task_type_new_345,1,New,1,,
project_task_type_new_346,1,New,1,,
project_task_type_new_347,1,New,1,,
project_task_type_new_349,1,New,1,,
project_task_type_new_350,1,New,1,,
project_task_type_new_351,1,New,1,,
project_task_type_new_352,1,New,1,,
project_task_type_new_353,1,New,1,,
project_task_type_new_354,1,New,1,,
project_task_type_new_355,1,New,1,,
project_task_type_new_360,1,New,1,,
project_task_type_new_361,1,New,1,,
project_task_type_new_362,1,New,1,,
project_task_type_new_363,1,New,1,,
project_task_type_new_364,1,New,1,,
project_task_type_new_368,1,New,1,,
project_task_type_new_369,1,New,1,,
project_task_type_new_370,1,New,1,,
project_task_type_assigned,1,Assigned,1,,
project_task_type_new_375,1,New,1,,
project_task_type_new_376,1,New,1,,
project_task_type_new_377,1,New,1,,
project_task_type_new_378,1,New,1,,
project_task_type_new_379,1,New,1,,
project_task_type_new_380,1,New,1,,
project_task_type_new_381,1,New,1,,
project_task_type_new_382,1,New,1,,
project_task_type_new_383,1,New,1,,
project_task_type_new_388,1,New,1,,
project_task_type_new_389,1,New,1,,
project_task_type_new_390,1,New,1,,
project_task_type_new_391,1,New,1,,
project_task_type_new_392,1,New,1,,
project_task_type_new_393,1,New,1,,
project_task_type_new_394,1,New,1,,
project_task_type_new_395,1,New,1,,
project_task_type_new_396,1,New,1,,
project_task_type_new_397,1,New,1,,
project_task_type_new_398,1,New,1,,
project_task_type_new_399,1,New,1,,
project_task_type_new_400,1,New,1,,
project_task_type_new_401,1,New,1,,
project_task_type_new_402,1,New,1,,
project_task_type_new_403,1,New,1,,
project_task_type_new_404,1,New,1,,
project_task_type_testing,1,Testing,2,,
project_task_type_development,1,Development,2,,
project_task_type_rejected,1,Rejected,2,,
project_task_type_setting_up,1,Setting up,2,,
project_task_type_manufacturing,1,Manufacturing,2,,
project_task_type_today,1,Today,2,,
project_task_type_today_88,1,Today,2,,
project_task_type_today_102,1,Today,2,,
project_task_type_today_125,1,Today,2,,seed_master_data_and_settings.user_8
project_task_type_today_132,1,Today,2,,
project_task_type_today_139,1,Today,2,,
project_task_type_today_146,1,Today,2,,
project_task_type_today_189,1,Today,2,,
project_task_type_today_196,1,Today,2,,
project_task_type_today_203,1,Today,2,,
project_task_type_today_283,1,Today,2,,
project_task_type_today_290,1,Today,2,,
project_task_type_today_297,1,Today,2,,
project_task_type_in_progress_373,1,In Progress,2,,
project_task_type_costing,1,Costing,3,,
project_task_type_testing_26,1,Testing,3,,
project_task_type_testing_29,1,Testing,3,,
project_task_type_assembling,1,Assembling,3,,
project_task_type_this_week,1,This Week,3,,
project_task_type_this_week_89,1,This Week,3,,
project_task_type_this_week_103,1,This Week,3,,
project_task_type_this_week_126,1,This Week,3,,seed_master_data_and_settings.user_8
project_task_type_this_week_133,1,This Week,3,,
project_task_type_this_week_140,1,This Week,3,,
project_task_type_this_week_147,1,This Week,3,,
project_task_type_this_week_190,1,This Week,3,,
project_task_type_this_week_197,1,This Week,3,,
project_task_type_this_week_204,1,This Week,3,,
project_task_type_this_week_284,1,This Week,3,,
project_task_type_this_week_291,1,This Week,3,,
project_task_type_this_week_298,1,This Week,3,,
project_task_type_done,1,Done,3,,
project_task_type_completed_7,1,Completed,4,,
project_task_type_uat,1,UAT,4,,
project_task_type_delivered,1,Delivered,4,,
project_task_type_this_month,1,This Month,4,,
project_task_type_this_month_90,1,This Month,4,,
project_task_type_this_month_104,1,This Month,4,,
project_task_type_this_month_127,1,This Month,4,,seed_master_data_and_settings.user_8
project_task_type_this_month_134,1,This Month,4,,
project_task_type_this_month_141,1,This Month,4,,
project_task_type_this_month_148,1,This Month,4,,
project_task_type_this_month_191,1,This Month,4,,
project_task_type_this_month_198,1,This Month,4,,
project_task_type_this_month_205,1,This Month,4,,
project_task_type_this_month_285,1,This Month,4,,
project_task_type_this_month_292,1,This Month,4,,
project_task_type_this_month_299,1,This Month,4,,
project_task_type_accepted,1,Accepted,5,,
project_task_type_later,1,Later,5,,
project_task_type_later_91,1,Later,5,,
project_task_type_later_105,1,Later,5,,
project_task_type_later_128,1,Later,5,,seed_master_data_and_settings.user_8
project_task_type_later_135,1,Later,5,,
project_task_type_later_142,1,Later,5,,
project_task_type_later_149,1,Later,5,,
project_task_type_later_192,1,Later,5,,
project_task_type_later_199,1,Later,5,,
project_task_type_later_206,1,Later,5,,
project_task_type_later_286,1,Later,5,,
project_task_type_later_293,1,Later,5,,
project_task_type_later_300,1,Later,5,,
project_task_type_meeting_minutes,1,Meeting Minutes,5,,
project_task_type_to_do,1,To Do,5,,
project_task_type_to_do_428,1,To Do,5,,
project_task_type_to_do_432,1,To Do,5,,
project_task_type_to_do_436,1,To Do,5,,
project_task_type_live,1,LIVE,6,,
project_task_type_done_64,1,Done,6,1,
project_task_type_done_92,1,Done,6,1,
project_task_type_done_106,1,Done,6,1,
project_task_type_done_129,1,Done,6,1,seed_master_data_and_settings.user_8
project_task_type_done_136,1,Done,6,1,
project_task_type_done_143,1,Done,6,1,
project_task_type_done_150,1,Done,6,1,
project_task_type_done_193,1,Done,6,1,
project_task_type_done_200,1,Done,6,1,
project_task_type_done_207,1,Done,6,1,
project_task_type_done_287,1,Done,6,1,
project_task_type_done_294,1,Done,6,1,
project_task_type_done_301,1,Done,6,1,
project_task_type_canceled,1,Canceled,7,1,
project_task_type_canceled_93,1,Canceled,7,1,
project_task_type_canceled_107,1,Canceled,7,1,
project_task_type_canceled_130,1,Canceled,7,1,seed_master_data_and_settings.user_8
project_task_type_canceled_137,1,Canceled,7,1,
project_task_type_canceled_144,1,Canceled,7,1,
project_task_type_canceled_151,1,Canceled,7,1,
project_task_type_canceled_194,1,Canceled,7,1,
project_task_type_canceled_201,1,Canceled,7,1,
project_task_type_canceled_208,1,Canceled,7,1,
project_task_type_canceled_288,1,Canceled,7,1,
project_task_type_canceled_295,1,Canceled,7,1,
project_task_type_canceled_302,1,Canceled,7,1,
project_task_type_notes,1,Notes,10,,
project_task_type_in_progress_425,1,In Progress,10,,
project_task_type_in_progress_429,1,In Progress,10,,
project_task_type_in_progress_433,1,In Progress,10,,
project_task_type_in_progress_437,1,In Progress,10,,
project_task_type_done_426,1,Done,15,1,
project_task_type_done_430,1,Done,15,1,
project_task_type_done_434,1,Done,15,1,
project_task_type_done_438,1,Done,15,1,
project_task_type_canceled_427,1,Canceled,20,1,
project_task_type_canceled_431,1,Canceled,20,1,
project_task_type_canceled_435,1,Canceled,20,1,
project_task_type_canceled_439,1,Canceled,20,1,
project_task_type_todo,1,Todo,50,,
