id,x_active,x_color,x_name,x_studio_company_id/id,x_studio_sequence
repair_reason_custom_high_current_consumption,1,0,High current consumption,seed_master_data_and_settings.company_jinasena_pvt_ltd,10
repair_reason_custom_heavy_smoke,1,0,Heavy smoke,seed_master_data_and_settings.company_jinasena_pvt_ltd,10
repair_reason_custom_maximum_head_not_reached,1,0,Maximum head not reached,seed_master_data_and_settings.company_jinasena_pvt_ltd,10
repair_reason_custom_low_out_put,1,0,Low out put,seed_master_data_and_settings.company_jinasena_pvt_ltd,10
repair_reason_custom_low_pressure,1,0,Low pressure,seed_master_data_and_settings.company_jinasena_pvt_ltd,10
repair_reason_custom_unit_makes_a_mechanical_noise_or_rattle,1,0,Unit makes a mechanical noise or rattle,seed_master_data_and_settings.company_jinasena_pvt_ltd,10
repair_reason_custom_motor_not_getting_started,1,0,Motor not getting started,seed_master_data_and_settings.company_jinasena_pvt_ltd,10
repair_reason_custom_motor_getting_tripped_from_toc,1,0,Motor getting tripped from TOC,seed_master_data_and_settings.company_jinasena_pvt_ltd,10
repair_reason_custom_pump_stops_after_some_time,1,0,Pump stops after some time,seed_master_data_and_settings.company_jinasena_pvt_ltd,10
